series,relation_1,relation_2
farmgate_index_weekly,1.0,-9.86691511367633e-17
producer_index_weekly,2.1824459953385735e-19,0.9999999999999999
procurement_index_weekly,1.5077811916845305,1.5112564880782853
downstream_extension_weekly,-1.9150551821435364,-2.0071338511283945
