series,relation_1,relation_2
farmgate_index_weekly,-0.0596088660453695,0.051698717407905694
producer_index_weekly,0.058296268390625905,-0.06530062511893264
procurement_index_weekly,-3.2595509643325613,2.4416852927535797
downstream_extension_weekly,4.541053401008686,-3.5076527188696915
