source,CME,ConsumerUA,EU,Novus,ProZorro,ProducerUA,Silpo
CME,1.0,0.30541603111957927,0.31350326247341676,,0.4309873151505198,0.3261217580643905,0.194237213355106
ConsumerUA,0.30541603111957927,1.0,0.7331215385198419,0.003320968190273582,0.006878099899064877,0.9931196793937417,-0.06557523486993877
EU,0.31350326247341676,0.7331215385198419,1.0,-0.0802936107605772,0.06313225435055486,0.6312783645531165,0.26221890542675513
Novus,,0.003320968190273582,-0.0802936107605772,1.0,-0.20114383934801688,-0.16236003168570914,0.11924189327160514
ProZorro,0.4309873151505198,0.006878099899064877,0.06313225435055486,-0.20114383934801688,1.0,0.03964845513664411,-0.009934571222856589
ProducerUA,0.3261217580643905,0.9931196793937417,0.6312783645531165,-0.16236003168570914,0.03964845513664411,1.0,-0.16734499420066853
Silpo,0.194237213355106,-0.06557523486993877,0.26221890542675513,0.11924189327160514,-0.009934571222856589,-0.16734499420066853,1.0
