link,x_col,y_col,data_variant,model_reliability,model_family,n_obs,sr_coef,lr_coef,ect_coef,ect_pvalue,cointegration_p,lag_order,notes,ljungbox_p,bp_p,white_p,jb_p,stability_flag,asymmetry_pvalue
Index FarmGate -> Producer,farmgate_index_weekly,producer_index_weekly,weekly_raw,conditionally_usable,ECM,210,0.7478928231390336,0.8832881629679926,-0.048937178455714346,2.113812820798397e-05,0.0001336637696965107,1,engle_granger_p=0.0001337,0.01954176767951292,0.06902276909153081,1.4633664807895817e-06,1.3804634458039017e-116,0,
Index FarmGate -> Producer,farmgate_index_weekly_smooth,producer_index_weekly_smooth,weekly_smoothed,reliable,ECM,210,0.5840990706884733,0.8843679258107884,-0.04554966676525755,5.280947471207429e-05,0.0007176900459791176,1,engle_granger_p=0.0007177,0.22255066636844367,0.05023805146949197,1.0905808720567305e-09,9.430253424562176e-11,0,
