link,x_col,y_col,data_variant,model_reliability,model_family,n_obs,sr_coef,lr_coef,ect_coef,ect_pvalue,cointegration_p,lag_order,notes,ljungbox_p,bp_p,white_p,jb_p,stability_flag,asymmetry_pvalue
Index Producer -> Procurement,producer_index_weekly,procurement_index_weekly,weekly_raw,reliable,ECM,37,-1.6968349836246128,0.8830456882712434,-1.3150336635937863,7.90832983830884e-06,1.4030465551173538e-06,1,engle_granger_p=1.403e-06,0.4384009847529825,0.007014191844981959,0.018425169759440283,0.5199951519784477,0,
Index Producer -> Procurement,producer_index_weekly_smooth,procurement_index_weekly_smooth,weekly_smoothed,reliable,ECM,39,-0.0804752514112009,0.8656523408191686,-0.5657431770889799,0.00014792531345123215,0.033949043958364004,1,engle_granger_p=0.03395,0.329108687798167,0.4605407917295823,0.07995028224665275,0.00020473137835087636,0,
