standardized_type,n_obs,coef_EU_no_promo,coef_EU_with_promo,coef_Producer_no_promo,coef_Producer_with_promo,delta_EU,delta_Producer,promo_coef_present,promo_coef_depth,interpretation_note
butter,33,1.5356445212676766,-1.6601822028471713,-3.9992783020340523,1.766933115146946,-3.195826724114848,5.766211417180998,-0.8947798337292888,0.0,Difference between no-promo and promo-controlled pass-through.
cream,33,1.5431441132747223,1.4181900995828396,-2.8283475755102288,-2.764913204007323,-0.12495401369188275,0.06343437150290576,-0.12717537507858948,0.0,Difference between no-promo and promo-controlled pass-through.
hard_cheese,33,-1.5660955072211036,0.1552460384676559,0.6140932156535026,-0.8329859269793987,1.7213415456887595,-1.4470791426329013,-0.3639259312553088,0.0,Difference between no-promo and promo-controlled pass-through.
milk,33,1.3577313322966549,4.27157712515603,-1.2473542400509747,-2.0052556569277784,2.9138457928593753,-0.7579014168768037,-0.6067609497040047,0.0,Difference between no-promo and promo-controlled pass-through.
